level,word,pronounciation,meaning
Level 1,antler,ant-luh,"noun: a long, hard, branch-like horn on the head of a male deer and other similar animals"
Level 1,bang,bang,noun: a sudden loud noise
Level 1,barn,bahn,noun: a building to store hay or to shelter animals
Level 1,basket,bahs-kuht,noun: a woven container for storing or carrying things
Level 1,black,blak,"adjective: completely dark, or without colour and brightness"
Level 1,broad,brawd,adjective: very wide
Level 1,cabin,kab-uhn,noun: a small house
Level 1,chess,chess,"noun: a game played by two people, each with sixteen pieces, on a board marked with squares"
Level 1,chin,chin,noun: the part of the face below the mouth
Level 1,dawn,dawn,noun: the time of day when it begins to get light
Level 1,fair,fair,"noun: an event at which things are displayed or sold, and games and rides are provided as entertainment"
Level 1,fate,fayt,noun: a force outside your control that seems to control the things that happen to you
Level 1,fleet,fleet,"noun: a large group of naval ships, usually under the command of one officer"
Level 1,front,frunt,noun: the part or surface facing forward or most often seen
Level 1,goat,goht,"noun: a small cud-chewing animal with horns, which is able to live in rocky mountainous areas and is used as a farm animal in many countries"
Level 1,holy,hoh-lee,adjective: specially recognised as or declared sacred
Level 1,left,left,adjective: The left side of something or someone is the side which is turned toward the west when they are facing north
Level 1,letter,let-uh,"noun: a message in writing or printing, addressed to a person or group"
Level 1,mail,mayl,noun: letters and packages sent by post
Level 1,marble,mah-buhl,noun: a small glass ball you use to play a game
Level 1,monster,mon-stuh,noun: someone or something that is frighteningly cruel
Level 1,mood,moohd,noun: a frame of mind or feeling at a particular time
Level 1,pain,payn,noun: a feeling of suffering or hurt
Level 1,path,pahth,noun: a narrow way for walking
Level 1,rare,rair,adjective: unusual or not common
Level 1,rash,rash,"noun: red, itchy spots or patches on the skin"
Level 1,real,reel,adjective: true or actual
Level 1,reap,reep,verb: to cut with a sickle or machine
Level 1,royal,roy-uhl,adjective: having to do with a king or queen
Level 1,sale,sayl,noun: the act of selling
Level 1,shake,shayk,verb: to move backwards and forwards with quick short movements
Level 1,sheep,sheep,noun: an animal which is kept for its meat and thick wool
Level 1,shine,shuyn,verb: to point or direct light in order to see something
Level 1,shoe,shooh,"noun: a covering, often made of leather, for your foot"
Level 1,since,sins,adverb: from then until now
Level 1,skim,skim,"verb: to move over something in a quick, light way"
Level 1,smile,smuyl,verb: to show you are happy by making your mouth wider and turning it up at the corners
Level 1,snore,snaw,verb: to breathe with a loud rumbling noise while you are sleeping
Level 1,snow,snoh,noun: frozen rain drops which fall to the ground as tiny white flakes
Level 1,spider,spuy-duh,"noun: an eight-legged creature, like an insect but without wings, which usually spins a web"
Level 1,spine,spuyn,noun: the column of bones in the back
Level 1,spoon,spoohn,"noun: a utensil with a rounded end attached to a handle, which is used for stirring or lifting food"
Level 1,stamp,stamp,"noun: a small label which is sticky on one side, which you attach to letters and parcels to pay for the postage"
Level 1,start,staht,verb: to do something you were not doing before and keep doing it
Level 1,steel,steel,noun: iron mixed with carbon and other metals so that it is very hard and strong
Level 1,swag,swag,noun: a bundle or roll of belongings carried on the shoulders by someone travelling in the bush
Level 1,tact,takt,noun: a sense of the right time to do or say something
Level 1,tail,tayl,"noun: the end of the backbone in some animals, especially when it forms a separate movable part of the body, as with cats, dogs, horses, and so on"
Level 1,tide,tuyd,"noun: the slow rise and fall of the ocean, which happens twice each day"
Level 1,total,toh-tuhl,noun: the result you get when you add up different amounts
Level 1,tower,tow-uh,"noun: a tall, narrow structure that is usually part of a building"
Level 1,track,trak,noun: a path or course laid out for racing
Level 1,trust,trust,verb: to have belief or confidence in someone or something
Level 1,vase,vahz,noun: a container for flowers
Level 1,vine,vuyn,noun: a climbing plant
Level 1,wait,wayt,verb: to stay somewhere until something happens that you think is going to
Level 1,weak,week,adjective: not healthy or strong
Level 1,yelp,yelp,"verb: to give a quick, sharp cry"
Level 1,young,yung,adjective: being in the first or early stage of life or growth
Level 1,zest,zest,noun: eager enjoyment
Level 1,dance,dans or dahns,"verb: to move your body in time to music, often using special steps or movements"
Level 1,paint,paynt,noun: a liquid colouring substance that you can put on a surface to give it colour
Level 1,part,paht,noun: an actor's role
Level 1,plot,plot,"noun: the plan, scheme, or main story of a work"
Level 1,setting,set-ing,"noun: the period or place in which the action of a play, film, etc., takes place"
Level 1,sharp,shahp,noun: a note one semitone above a given note
Level 1,skill,skil,noun: the ability to do something well
Level 1,solo,soh-loh,noun: a musical performance by one person
Level 1,song,song,noun: a short musical composition with words
Level 1,stage,stayj,"noun: a raised floor, usually in a theatre, on which public performances take place"
Level 1,story,staw-ree,noun: something told or written which has either happened in real life or has been made up in someone's mind
Level 1,strum,strum,verb: to play an instrument by running your fingers across the strings
Level 1,talent,tal-uhnt,noun: the ability to do something very well
Level 1,title,tuy-tuhl,"noun: the name of a book, film or piece of music"
Level 1,tone,tohn,noun: a musical sound
Level 1,damper,dam-puh,noun: bread made from flour and water mixed to make a dough and baked in the coals of an open fire
Level 1,dine,duyn,verb: to have your evening meal
Level 1,fork,fawk,"noun: an instrument with prongs for lifting food, digging the garden, and other things"
Level 1,jelly,jel-ee,noun: a soft sweet food which sets firm but shakes a little when it is moved
Level 1,lemon,lem-uhn,noun: a yellow fruit with a sour taste
Level 1,lime,luym,noun: a small greenish-yellow citrus fruit
Level 1,meat,meet,noun: the flesh of animals when used for food
Level 1,mince,mins,verb: to cut or chop into very small pieces
Level 1,mint,mint,noun: a herb with leaves that are used in cooking
Level 1,plate,playt,"noun: a flat, round dish for food"
Level 1,salad,sal-uhd,"noun: a food made up of raw vegetables such as greens, tomatoes, and celery"
Level 1,wash,wosh,verb: to clean something with water and usually soap
Level 1,wok,wok,"noun: a large, shallow, round-bottomed, metal pan used especially in Chinese cookery"
Level 1,creek,kreek,noun: a small river
Level 1,France,frans or frahns,"noun: a country in western Europe, with coasts on the English Channel, the Atlantic Ocean and the Mediterranean Sea"
Level 1,inlet,in-luht,noun: a small narrow bay or cove
Level 1,Peru,puh-rooh,"noun: a republic in western South America on the Pacific Ocean, bordered by Ecuador, Colombia, Brazil, Bolivia and Chile"
Level 1,sky,skuy,noun: the area of the clouds or the upper air
Level 1,soil,soyl,"noun: earth, especially the kind plants can grow in"
Level 1,storm,stawm,"noun: a violent change in the weather bringing wind, rain, thunder and lightning"
Level 1,thunder,thun-duh,"noun: the loud noise that follows a flash of lightning in a storm, caused by electricity in the air"
Level 1,wild,wuyld,adjective: living or growing in a natural state without human care or interference
Level 1,data,day-tuh or dah-tuh,noun: information collected for analysis or reference
Level 1,orbit,aw-buht,"noun: the curved path traced by a celestial object or spacecraft, around a star or planet"
Level 1,power,pow-uh,noun: energy or force that can be used for doing work
Level 1,prove,proohv,verb: to show that something is true by presenting convincing facts
Level 1,record,rek-awd,noun: a self-contained piece of data on a computer database
Level 1,ruler,roohl-uh,"noun: a strip of wood or plastic with a straight edge, used for measuring and drawing straight lines"
Level 1,scale,skayl,noun: a set of marks along a line used for measuring
Level 1,space,spays,noun: the continuous openness which exists outside the earth's atmosphere
Level 1,unit,yooh-nuht,noun: an amount used in measurement
Level 1,volt,vohlt,noun: a measurement of electric force
Level 1,wire,wuy-uh,noun: a length of such material used as a conductor of electricity
Level 1,worm,werm,"noun: a rogue computer program which, once it is loaded on a computer, replicates itself until it takes up all the available memory, bringing the whole system to a standstill"
Level 1,golf,golf,noun: an outdoor game in which a small ball is hit with special clubs around a set course
Level 1,match,mach,noun: a game between two or more people or teams
Level 1,netball,net-bawl,"noun: a game played by two teams of seven players, in which the players must try to throw the ball through a hoop on a pole at the opponents' end of the court"
Level 1,party,pah-tee,"noun: a social gathering, often to celebrate something"
Level 1,point,poynt,noun: a unit for scoring in a game
Level 1,puck,puk,noun: a flat rubber disc used instead of a ball in ice hockey
Level 1,race,rayce,noun: a contest of speed
Level 1,sumo,sooh-moh,noun: a style of Japanese wrestling
Level 1,team,teem,"noun: a group of people who do an activity together, such as a game or sport"
Level 1,throw,throh,verb: to drive through the air by a sudden movement of the arm
Level 1,yoga,yoh-guh,"noun: a set of exercises which involve deep breathing and holding unusual body positions, in order to reach a calm, peaceful state of mind"
Level 2,absent,ab-suhnt,adjective: not in a certain place at a given time
Level 2,afraid,uh-frayd,adjective: frightened
Level 2,ahead,uh-hed,adverb: in front or forward
Level 2,aide,ayd,noun: an assistant
Level 2,aircraft,air-krahft,"noun: any machine that can fly, such as an aeroplane or helicopter"
Level 2,alien,ay-lee-uhn,"noun: in science fiction, a being from outer space"
Level 2,allow,uh-low,verb: to give permission for something
Level 2,already,awl-red-ee,adverb: at an earlier time or sooner than expected
Level 2,amaze,uh-mayz,verb: to surprise someone a lot
Level 2,another,uh-nudh-uh,adjective: second or additional
Level 2,appeal,uh-peel,noun: a call for help
Level 2,approval,uh-prooh-vuhl,noun: agreement or permission
Level 2,argue,ah-gyooh,verb: to quarrel or disagree
Level 2,astound,uh-stownd,verb: to overwhelm with amazement
Level 2,astray,uh-stray,adverb: away from the proper path
Level 2,awful,aw-fuhl,adjective: very bad or unpleasant
Level 2,balance,bal-uhns,"verb: to be equal to something else, especially in weight"
Level 2,bamboo,bam-booh,noun: a woody plant whose stem is sometimes used for making furniture
Level 2,barren,ba-ruhn,adjective: unable to produce crops
Level 2,bashful,bash-fuhl,adjective: very modest or shy
Level 2,beneath,buh-neeth,"adverb: below, or underneath"
Level 2,bilby,bil-bee,noun: a small bandicoot with big rabbit-like ears
Level 2,bombard,bom-bahd or bom-bahd,verb: to attack continuously
Level 2,brolga,brol-guh,"noun: a large silvery-grey bird with long legs, which is known for its dancing"
Level 2,burrow,bu-roh,"noun: a hole in the ground dug by an animal, to live and shelter in"
Level 2,cadet,kuh-det,"noun: someone who is being trained in a job or an organisation, like the army or a school military group"
Level 2,canal,kuh-nal,noun: an artificial river made for boats to travel along
Level 2,cardboard,kahd-bawd,"noun: a type of thick, stiff paper"
Level 2,cotton,kot-uhn,"noun: a light material made from the soft, white hairs covering the seeds of the cotton plant"
Level 2,coupon,kooh-pon,noun: a ticket or card which you can exchange for goods or money
Level 2,curfew,ker-fyooh,noun: an order which says people are not allowed to be out on the streets after a certain time at night
Level 2,deduce,duh-dyoohs,verb: to reach a decision by reasoning and considering all the facts known to you
Level 2,depth,depth,noun: a measure or distance downwards
Level 2,describe,duh-skruyb,verb: to give a picture of something using written or spoken words
Level 2,downscale,down-skayl,verb: to reduce
Level 2,dual,dyooh-uhl,adjective: having two parts
Level 2,duchess,duch-uhs,noun: the wife or widow of a duke
Level 2,elude,ee-loohd,"verb: to avoid or escape, especially by skill or trickery"
Level 2,emerald,em-ruhld,"noun: a valuable, bright green jewel"
Level 2,engulf,en-gulf,verb: to swallow up
Level 2,ferret,fe-ruht,noun: an animal with a long thin body used on farms to go down rabbit holes and chase out rabbits
Level 2,firebreak,fuy-uh-brayk,noun: a strip of land which has been cleared of grass and trees to stop a fire from spreading
Level 2,fireworks,fuy-uh-werks,"plural noun: containers filled with a powder that burns or explodes, giving out brightly coloured sparks"
Level 2,fluent,flooh-uhnt,adjective: flowing smoothly and easily
Level 2,fourteen,faw-teen,adjective: amounting to one more than thirteen
Level 2,frantic,fran-tik,"adjective: wild with fear, worry, pain or excitement"
Level 2,funnel,fun-uhl,noun: an open-ended cone used for pouring liquid into a container with a narrow opening
Level 2,furtive,fer-tiv,adjective: stealthy or sly
Level 2,garbage,gah-bij,noun: rubbish or waste material
Level 2,garment,gah-muhnt,"noun: a piece of clothing, such as a dress, shirt or coat"
Level 2,growth,grohth,noun: gradual increase or development
Level 2,harness,hah-nuhs,noun: a set of leather straps and metal pieces that fit around a horse's head and body so that it can be ridden or used to pull a vehicle
Level 2,heyday,hay-day,noun: the stage or period of highest success or fullest strength
Level 2,highlight,huy-luyt,"noun: the best, brightest or most outstanding part"
Level 2,history,his-tuh-ree,"noun: the events which have happened in the past, or the study of these events"
Level 2,human,hyooh-muhn,noun: a person
Level 2,inferno,in-fer-noh,noun: a place that seems like hell because of heat or fire
Level 2,intersect,in-tuh-sekt,verb: to cut or divide by passing through or across
Level 2,janitor,jan-uh-tuh,noun: a caretaker
Level 2,kneel,neel,verb: to go down on your knees
Level 2,landfill,land-fil,"noun: material as garbage, building refuse, etc., deposited under layers of earth to raise the level of the site"
Level 2,leech,leech,noun: a small worm that sucks the blood of humans or animals
Level 2,leeway,lee-way,"noun: extra space, time or money that allows freedom of action and choice"
Level 2,lethal,lee-thuhl,adjective: causing death
Level 2,limestone,luym-stohn,"noun: a soft, white, chalky rock"
Level 2,loyal,loy-uhl,adjective: faithful and true
Level 2,mammal,mam-uhl,noun: an animal whose young feeds on its mother's milk
Level 2,mania,may-nee-uh,noun: great enthusiasm or excitement
Level 2,marine,muh-reen,adjective: having to do with the sea
Level 2,massive,mass-iv,"adjective: large, in size or amount"
Level 2,missile,miss-uyl,noun: an object or weapon that can be thrown or shot
Level 2,moat,moht,"noun: a deep, wide trench, usually filled with water, surrounding a town or castle to help protect it from invaders in the past"
Level 2,motion,moh-shuhn,noun: the process or power of moving
Level 2,mulga,mul-guh,noun: a type of wattle tree found in inland Australia
Level 2,navigate,nav-uh-gayt,verb: to steer or direct on a course
Level 2,nickname,nik-naym,noun: a name that people who know you sometimes use instead of your real name
Level 2,nostril,noss-truhl,noun: one of the two openings of your nose
Level 2,nuzzle,nuz-uhl,verb: to touch or rub with the nose
Level 2,peevish,peev-ish,adjective: cross or easily annoyed
Level 2,pillow,pil-oh,noun: a bag filled with soft material to rest your head on when you are in bed
Level 2,practical,prak-tik-uhl,"adjective: having to do with the actual doing of something, rather than with ideas"
Level 2,promise,prom-uhs,"noun: an announcement or statement that you will do, or keep from doing something"
Level 2,prompt,prompt,verb: to supply cues to actors from offstage
Level 2,propel,pruh-pel,verb: to drive something forwards
Level 2,quickly,kwik-lee,adverb: with great speed
Level 2,quirk,kwerk,noun: a particular habit or way of acting
Level 2,quiver,kwiv-uh,verb: to shake with small movements
Level 2,raincoat,rayn-koht,noun: a special coat that you wear when it is raining that stops the rain getting through to your clothes
Level 2,relief,ruh-leef,"noun: freedom or release from pain, unhappiness or worry"
Level 2,require,ruh-kwuy-uh,verb: to have need of
Level 2,ritual,rich-ooh-uhl,noun: a set procedure for a religious or other ceremony
Level 2,scandal,skan-duhl,noun: an event that shocks people because they think it involves wrong behaviour
Level 2,scarlet,skah-luht,noun: a bright red colour tending towards orange
Level 2,sermon,ser-muhn,"noun: a serious talk, usually one preached in church"
Level 2,serum,sear-ruhm,noun: a fluid obtained from the blood of an animal which has been rendered immune to some disease by inoculation
Level 2,service,ser-vuhs,noun: the supplying of something useful to a community
Level 2,slather,sladh-uh,verb: to use thickly or in large quantities
Level 2,sneeze,sneez,verb: to involuntarily blow air noisily out of your mouth and nose
Level 2,sonar,soh-nah,noun: a device for finding depth under water by measuring the time it takes to receive an echo from a sound
Level 2,source,sawce,noun: the place or thing from which something comes
Level 2,squirt,skwert,verb: to force out a jet of liquid through a narrow opening
Level 2,stifling,stuyf-ling,adjective: oppressively airless or hot
Level 2,stork,stawk,"noun: a large bird with long legs and a long beak, which feeds in shallow water"
Level 2,strange,straynj,adjective: unusual or not what you would expect
Level 2,sublime,suh-bluym,"adjective: uplifting in thought, language, bearing, and so on"
Level 2,suggest,suh-jest,verb: to put forward an idea or plan
Level 2,sullen,sul-uhn,"adjective: angry, silent, and ill-mannered"
Level 2,survey,ser-vay or ser-vay,"verb: to determine the form, boundaries, position, extent, and so on, of something"
Level 2,suture,sooh-chuh,verb: to join the edges of a wound by stitching or some similar process
Level 2,tadpole,tad-pohl,noun: a young frog or toad in the earliest stage of its life during which it develops legs and becomes able to leave the water
Level 2,talon,tal-uhn,"noun: a claw, especially of a bird of prey"
Level 2,tangle,tang-guhl,verb: to put or get in a confused muddle
Level 2,tantrum,tan-truhm,noun: a childish fit of temper or anger
Level 2,tardy,tah-dee,adjective: late or delayed
Level 2,tendon,ten-duhn,noun: a cord of strong tissue joining a muscle to a bone
Level 2,tepid,tep-uhd,adjective: lukewarm or slightly warm
Level 2,thicket,thik-uht,noun: a dense growth of shrubs or small trees
Level 2,thought,thawt,noun: an idea
Level 2,thousand,thow-zuhnd,adjective: amounting to one more than 999 in number
Level 2,tiara,tee-ah-ruh,noun: a piece of jewellery that looks like a tiny crown
Level 2,torment,taw-ment,verb: to worry or annoy someone greatly
Level 2,trek,trek,"verb: to walk or travel, especially over a long distance or with much difficulty"
Level 2,trinket,tring-kuht,noun: a cheap ornament
Level 2,trite,truyt,adjective: repeated too often
Level 2,underdog,un-duh-dog,"noun: the expected loser in a competition, fight, etc."
Level 2,unite,yooh-nuyt,"verb: to join together, becoming one thing"
Level 2,unseemly,un-seem-lee,adjective: not proper or decent
Level 2,untidy,un-tuy-dee,adjective: not neat
Level 2,upset,up-set,verb: to make someone feel sad or hurt
Level 2,useless,yoohs-luhs,adjective: not being of any use or not achieving anything
Level 2,vacate,vay-kayt,verb: to leave a place
Level 2,vampire,vam-puy-uh,"noun: an imaginary, supernatural being, believed to be a dead person come back to life, who sucks blood from living people during the night"
Level 2,vessel,vess-uhl,noun: a ship or boat
Level 2,victor,vik-tuh,noun: someone who has defeated an enemy
Level 2,villa,vil-uh,"noun: a country house, usually a large or important one, especially in a Mediterranean country"
Level 2,virtue,ver-chooh,noun: a good quality
Level 2,vital,vuy-tuhl,adjective: necessary or very important
Level 2,voice,voys,noun: the sound or sounds you make with your mouth when you speak or sing
Level 2,wardrobe,wawd-rohb,noun: a large cupboard where you hang your clothes
Level 2,weapon,wep-uhn,"noun: an instrument used in fighting, such as a gun or a knife"
Level 2,wetsuit,wet-sooht,noun: a tight rubber piece of clothing worn by divers and surfers to keep in body heat
Level 2,whale,wayl,noun: a very large sea mammal
Level 2,wheel,weel,"noun: a circular frame or solid disc turning on an axle, used in machinery and on vehicles"
Level 2,whine,wuyn,verb: to complain all the time
Level 2,wily,wuy-lee,adjective: crafty or cunning
Level 2,windmill,wind-mil,noun: a mill for grinding or pumping which is set moving by the wind turning a set of arms or sails
Level 2,windpipe,wind-puyp,noun: the tube that carries air from the throat to the lungs
Level 2,wingspan,wing-span,"noun: the distance between the wingtips of an aeroplane, bird, or insect"
Level 2,wishful,wish-fuhl,adjective: desirous or longing
Level 2,wonderful,wun-duh-fuhl,adjective: extremely good or excellent
Level 2,wrist,rist,noun: the joint where the hand meets the arm
Level 2,casting,kah-sting,"noun: the selection of actors for a play, film, etc."
Level 2,clef,klef,noun: a symbol placed on a line of music that shows the height or pitch of the notes
Level 2,coda,koh-duh,"noun: a passage at the end of a musical composition, bringing it to a satisfactory close"
Level 2,creative,kree-ay-tiv,adjective: good at making or inventing things
Level 2,kiln,kiln,noun: a big oven or furnace for baking bricks or pottery
Level 2,Lawson,law-suhn,noun: an Australian writer of verse and prose who was born in 1867 and died in 1922
Level 2,movement,moohv-muhnt,noun: the main division or section of a long piece of music
Level 2,myth,mith,"noun: an ancient traditional story, often about gods and supernatural events, that was used to explain natural events such as the weather"
Level 2,opera,op-ruh,noun: a play that is sung to music
Level 2,picture,pik-chuh,"noun: a drawing, painting, photograph or something similar"
Level 2,puppet,pup-uht,"noun: a doll or figure of some kind which is moved by wires or your hand, usually on a small stage"
Level 2,saga,sah-guh,noun: a long novel about the lives of a family or group of people
Level 2,scene,seen,noun: one of the divisions of a play
Level 2,semitone,sem-ee-tohn,noun: the smallest interval in the chromatic scale of Western music
Level 2,stanza,stan-zuh,noun: a group of lines of poetry
Level 2,statue,stach-ooh,"noun: an image of a person or animal made out of stone, wood or bronze"
Level 2,style,stuyl,"noun: a particular kind or type, especially of music, art, architecture and so on"
Level 2,tango,tang-goh,"noun: a dramatic dance from South America, danced by couples"
Level 2,tempo,tem-poh,noun: the speed of a piece of music
Level 2,topic,top-ik,noun: the thing that you are talking about
Level 2,translate,tranz-layt,verb: to change from one language into another
Level 2,viola,vee-oh-luh,"noun: a stringed instrument played with a bow, like a violin but a little bigger"
Level 2,woodwind,wood-wind,"noun: the group of musical wind instruments that includes the flutes, clarinets, saxophones, oboes and bassoons"
Level 2,apricot,ay-pree-kot,"noun: a small, round, orange-yellow fruit"
Level 2,cherry,che-ree,"noun: a small juicy fruit with a stone in the middle, varying in colour from pink to black"
Level 2,famine,fam-uhn,"noun: a serious shortage of food, often caused by drought"
Level 2,flour,flow-uh,"noun: a fine powder made from rice, wheat, or other grain and used in cooking"
Level 2,fruit,frooht,"noun: the edible part which grows from the flowers of trees and plants, such as apples, oranges, pineapples, and many others"
Level 2,galley,gal-ee,noun: a kitchen on a ship or plane
Level 2,kettle,ket-uhl,"noun: a container with a spout, a lid and a handle, used for boiling water"
Level 2,onion,un-yuhn,"noun: a vegetable with a white, brown or purple skin and a strong smell and taste, used in cooking"
Level 2,pepper,pep-uh,"noun: a spice with a hot taste, made from the dried fruit of a tropical plant"
Level 2,pickle,pik-uhl,noun: an onion or other vegetable preserved in vinegar or salt water
Level 2,ramen,rah-muhn,"noun: (in Japanese cookery) a dish of Chinese-style wheat-flour noodles, served in soup with meat, vegetables, etc."
Level 2,rissole,riss-ohl,noun: a fried ball or small cake of chopped up food
Level 2,sugar,shoog-uh,noun: a sweet substance made mainly from cane and beet and used widely in food
Level 2,tangy,tang-ee,adjective: having a sharp flavour or smell
Level 2,thirsty,ther-stee,adjective: to have a dry feeling in your mouth and throat because you need something to drink
Level 2,yeast,yeest,noun: a substance which causes the dough to rise when you make bread
Level 2,Asia,ay-zhuh,"noun: the largest continent, bounded by Europe and the Pacific, Arctic, and Indian oceans"
Level 2,atoll,at-ol,noun: a coral island with a saltwater lagoon in the middle
Level 2,Brazil,bruh-zil,"noun: a republic in central and north-eastern South America, the fifth largest country in the world"
Level 2,bushfire,boosh-fuy-uh,noun: a big fire in the bush or forest
Level 2,canyon,kan-yuhn,noun: a deep valley with steep sides
Level 2,cavern,kav-uhn,noun: a large cave
Level 2,delta,del-tuh,noun: the flat rich land between outspreading river branches at the mouth of a river
Level 2,desert,dez-uht,noun: a sandy or stony place without enough rainfall to grow many plants
Level 2,Greece,grees,"noun: a republic in south-eastern Europe, consisting of the southern part of the Balkan peninsula and many islands in the Mediterranean Sea"
Level 2,India,in-dee-uh,"noun: a republic in southern Asia, lying south of the Himalayas, with Pakistan to the north-west, Bangladesh to the north-east"
Level 2,island,uy-luhnd,noun: a piece of land completely surrounded by water
Level 2,landslide,land-sluyd,noun: the sliding down of a mass of rocks and soil from a steep slope
Level 2,magma,mag-muh,noun: the very hot molten rock under the solid crust of the earth's surface
Level 2,nature,nay-chuh,"noun: the world around us, made up of earth, sky and sea, along with animals and plants, especially when untouched by human beings"
Level 2,Samoa,suh-moh-uh or sah-moh-uh,noun: a group of islands in the southern Pacific
Level 2,sleet,sleet,noun: snow or hail and rain falling together
Level 2,Sweden,swee-duhn,"noun: a kingdom in north-western Europe, in the eastern part of the Scandinavian peninsula, bordered by Finland and Norway"
Level 2,Tonga,tong-uh or tong-guh,"noun: a kingdom in the south-western Pacific Ocean, consisting of 169 islands"
Level 2,tundra,tun-druh,"noun: a treeless arctic plain with mosses, lichens and small plants"
Level 2,Aldrin,awl-druhn,"noun: born 1930, US astronaut; as a crew member of Apollo 11, the second person to walk on the moon"
Level 2,concave,kon-kayv or kon-kayv,adjective: hollow and curved like the inside of a circle
Level 2,cosmos,koz-mos,noun: the physical universe
Level 2,database,day-tuh-bays or dah-tuh-bays,"noun: information stored in a computer, organised to make it easy to find a particular part"
Level 2,gradient,gray-dee-uhnt,"noun: the amount of slope or steepness in a road, railway or path"
Level 2,litre,lee-tuh,noun: a measure of liquid in the metric system
Level 2,measure,mezh-uh,noun: an agreed unit or standard
Level 2,Newton,nyooh-tuhn,"noun: an English scientist, mathematician, and philosopher, who was born in 1642 and died in 1727"
Level 2,oblong,ob-long,"noun: a four-sided shape which is longer than it is wide, and which has four right angles"
Level 2,password,pahs-werd,noun: a secret word or expression used to obtain entry to something such as a restricted area or to a computer system
Level 2,planet,plan-uht,noun: any of the large bodies in space revolving around a star
Level 2,refresh,ruh-fresh,verb: to update the image on a computer screen
Level 2,Saturn,sat-ern or sa-tn,"noun: the second largest planet, the sixth in order from the sun, having an extensive ring system"
Level 2,terminal,ter-muh-nuhl,noun: a point where an electrical current enters or leaves a piece of electrical equipment
Level 2,volume,vol-yoohm,"noun: the size, measure, or amount of anything in three dimensions"
Level 2,width,width,noun: extent from side to side
Level 2,arrow,a-roh,noun: a thin pointed weapon shot from a bow
Level 2,backstroke,bak-strohk,noun: a stroke in swimming in which you lie on your back in the water and move your arms backwards in turn
Level 2,baseball,bays-bawl,"noun: a game played by two teams with a bat and a ball, on a field with four bases which the batter must pass to score a run"
Level 2,billycart,bil-ee-kaht,noun: a toy four-wheeled cart made at home and ridden on by children as a form of amusement
Level 2,canoe,kuh-nooh,"noun: a light, narrow boat that you move by using paddles"
Level 2,cosplay,koz-play or kos-play,"noun: the activity of dressing up as characters from literature, comic strips, television shows, video games, etc."
Level 2,enjoy,en-joy,verb: to get pleasure from something
Level 2,hobby,hob-ee,noun: something that you enjoy doing in your spare time
Level 2,picnic,pik-nik,"noun: a meal eaten in the open air, usually in pleasant surroundings such as the country, a park or beach"
Level 2,pontoon,pon-toohn,noun: a floating structure used to support a temporary bridge or as a place where boats can tie up
Level 2,rugby,rug-bee,noun: one of the types of football played in Australia
Level 2,sailor,say-luh,"noun: someone who sails a boat, or whose job is to work on a ship"
Level 2,skiff,skif,"noun: any of various types of small boat, usually propelled by oars or sails"
Level 2,sprint,sprint,"verb: to race at top speed, especially over a short distance"
Level 2,stadium,stay-dee-uhm,"noun: a large sports ground, designed to hold many people"
Level 2,tennis,ten-uhs,"noun: a game in which two players, or two pairs of players, use racquets to hit a ball over a central net"
Level 2,travel,trav-uhl,"verb: to go from one place to another, often over a long distance"
Level 2,windsurf,wind-serf,verb: to ride on a windsurfer
Level 3,ability,uh-bil-uh-tee,noun: the power to do something
Level 3,abolish,uh-bol-ish,verb: to put an end to something
Level 3,absolute,ab-suh-looht,adjective: something that is complete or perfect
Level 3,absolve,uhb-zolv,"verb: to free someone from blame, guilt, punishment, a duty, etc."
Level 3,accept,uhk-sept,verb: to receive something willingly
Level 3,access,ak-sess,noun: the right of coming to someone or something
Level 3,accomplish,uh-kum-plish or uh-kom-plish,verb: to carry out something successfully
Level 3,ache,ayk,noun: a dull continuous pain
Level 3,acre,ay-kuh,noun: a large area of land in the imperial system of measurement that is equal to almost half a hectare
Level 3,address,uh-dress or ad-ress,noun: the number of the house and the name of the street and town where a person lives
Level 3,adept,uh-dept,adjective: skilful
Level 3,adverse,ad-vers or uhd-vers,adjective: threatening or hostile
Level 3,agitated,aj-uh-tayt-uhd,adjective: nervous and upset
Level 3,ailment,ayl-muhnt,noun: an illness
Level 3,alibi,al-uh-buy,noun: a defence by someone that they were somewhere else when a crime was committed
Level 3,alley,al-ee,noun: a narrow space between buildings where people can walk through
Level 3,alphabet,al-fuh-bet,noun: all the letters of a language arranged in their usual order
Level 3,ambition,am-bish-uhn,"noun: strong desire for something in the future, especially money or fame"
Level 3,animated,an-uh-may-tuhd,adjective: lively or full of life
Level 3,announce,uh-nowns,verb: to make known publicly
Level 3,antelope,ant-uh-lohp,"noun: a fast animal with horns, related to cattle, sheep and goats"
Level 3,apology,uh-pol-uh-jee,noun: an expression of regret or sadness that you offer when you have done something wrong
Level 3,appoint,uh-poynt,verb: to nominate or assign to a position
Level 3,arduous,ah-jooh-uhs,adjective: needing a lot of hard work
Level 3,argument,ah-gyuh-muhnt,noun: a disagreement
Level 3,arrange,uh-raynj,verb: to put in order
Level 3,ashen,ash-uhn,adjective: grey or ash-coloured
Level 3,astonish,uh-ston-ish,verb: to surprise greatly
Level 3,astute,uhs-tyooht,adjective: having clear and quick understanding
Level 3,attempt,uh-tempt,verb: to try to do something
Level 3,attire,uh-tuy-uh,noun: clothes or apparel
Level 3,auburn,aw-buhn,adjective: reddish-brown
Level 3,auditor,aw-duh-tuh,noun: a person appointed to examine accounting records
Level 3,aversion,uh-verzh-uhn,noun: a strong dislike
Level 3,axle,ak-suhl,noun: a thin stick of metal or wood that goes through the middle of a wheel and joins it to something
Level 3,badger,baj-uh,"noun: an animal found in Europe and America, which has a white mark on its head and which lives in a hole in the ground"
Level 3,bandicoot,ban-dee-kooht,"noun: a rat-like Australian marsupial which feeds at night on insects, worms and plant roots"
Level 3,beacon,bee-kuhn,noun: a signal which shows the way or warns of danger
Level 3,beautiful,byooh-tuh-fuhl,"adjective: attractive and enjoyable to look at, hear, taste, smell or feel"
Level 3,befuddle,bee-fud-uhl,"verb: to confuse, as with smooth-sounding argument"
Level 3,belated,bee-lay-tuhd,adjective: late
Level 3,benign,buh-nuyn,adjective: kind and gentle
Level 3,blustery,bluss-tuh-ree,"adjective: characterised by gusts of wind, rain squalls, and so on"
Level 3,bothersome,bodh-uh-suhm,adjective: annoying or troublesome
Level 3,bounty,bown-tee,noun: a reward given for a special purpose
Level 3,breathe,breedh,verb: to take in and give out air
Level 3,buffalo,buf-uh-loh,noun: a kind of ox sometimes used for pulling heavy loads
Level 3,buoy,boy,"noun: a floating object anchored in the water, marking a point in a sailing or swimming race"
Level 3,cabana,kuh-bah-nuh,"noun: a cabin, cottage or hut"
Level 3,callus,kal-uhs,noun: a hard thick part of your skin caused by something rubbing against it
Level 3,canopy,kan-uh-pee,noun: an ornamental or protective covering
Level 3,carriage,ka-rij,noun: one of the passenger-carrying cars on a train
Level 3,casual,kazh-yooh-uhl,adjective: informal and relaxed
Level 3,caution,kaw-shuhn,noun: great care when there is danger
Level 3,ceiling,see-ling,noun: the inside lining that covers the top of a room
Level 3,certainty,ser-tuhn-tee,noun: the condition of being sure
Level 3,certificate,suh-tif-uh-kuht,noun: a written paper stating certain facts
Level 3,chariot,cha-ree-uht,noun: a two-wheeled carriage used in ancient times
Level 3,chlorine,klaw-reen,noun: a greenish-yellow gas which is dissolved in water and used to keep swimming pools clean
Level 3,chortle,chaw-tuhl,verb: to chuckle loudly with amusement
Level 3,cockatoo,kok-uh-tooh,noun: a crested parrot
Level 3,cocoon,kuh-koohn,noun: the silky covering spun by the larvae of many insects
Level 3,coincide,koh-uhn-suyd,"verb: to happen together, usually by chance"
Level 3,colleague,kol-eeg,noun: someone you work with
Level 3,comparable,kom-puh-ruh-buhl or kuhm-pa-ruh-buhl,adjective: able to be compared
Level 3,compelling,kuhm-pel-ing,adjective: holding your attention forcefully
Level 3,complaint,kuhm-playnt,"noun: an expression of dissatisfaction, blame or pain"
Level 3,composure,kuhm-poh-zhuh,noun: calmness of mind
Level 3,compulsive,kuhm-pul-siv,adjective: unable to break a given habit
Level 3,concept,kon-sept,noun: a general idea or understanding of something
Level 3,condemn,kuhn-dem,verb: to strongly express disapproval of something
Level 3,curtail,ker-tayl,verb: to cut short
Level 3,decipher,duh-suy-fuh,verb: to solve or find the meaning of something
Level 3,deluge,del-yoohj or del-yoohzh,noun: a very heavy fall of rain
Level 3,destitute,des-tuh-tyooht,adjective: without money or the means of getting any
Level 3,dilemma,duh-lem-uh or duy-lem-uh,noun: a difficult situation in which you have to choose between two different things
Level 3,diligent,dil-uh-juhnt,adjective: paying careful attention
Level 3,docile,doh-suyl,adjective: quiet and easily handled
Level 3,economical,ek-uh-nom-i-kuhl or ee-kuh-nom-i-kuhl,adjective: not wasteful
Level 3,emporium,em-paw-ree-uhm,noun: a large store selling a great variety of goods
Level 3,faculty,fak-uhl-tee,noun: one of the powers that you are born with
Level 3,feud,fyoohd,"noun: a bitter, long-lasting disagreement, especially between two families"
Level 3,forgery,faw-juh-ree,noun: the crime of making an imitation and passing it off as genuine
Level 3,fortify,faw-tuh-fuy,"verb: to make a place strong so as to resist attack, damage and other harmful things"
Level 3,gaiety,gay-uh-tee,noun: cheerfulness or high spirits
Level 3,gaudy,gaw-dee,adjective: bright and attracting attention
Level 3,genial,jee-nee-uhl,adjective: warm and friendly in manner
Level 3,impediment,im-ped-uh-muhnt,noun: an obstruction or obstacle
Level 3,incongruous,in-kong-grooh-uhs,adjective: out of place or unsuitable
Level 3,infectious,in-fek-shuhs,adjective: spread by germs being transmitted through the air or in a liquid
Level 3,infinite,in-fuh-nuht,adjective: endless or having no limits
Level 3,influenza,in-flooh-en-zuh,noun: a sickness caused by a virus which affects the nose and throat and causes high temperatures and tiredness
Level 3,innocent,in-uh-suhnt,adjective: free from any wrong
Level 3,insincere,in-sin-sear,adjective: not honest in expressing feeling
Level 3,insipid,in-sip-uhd,adjective: not having much taste
Level 3,integrity,in-teg-ruh-tee,noun: honesty and trustworthiness
Level 3,intercept,in-tuh-sept,verb: to catch or stop something as it goes from one place to another
Level 3,intrigue,in-treeg,verb: to interest or make curious
Level 3,jaguar,jag-yooh-uh,"noun: a large, fierce, spotted cat found in tropical South America"
Level 3,jasmine,jaz-muhn,noun: a shrub or climbing plant with sweet-smelling flowers
Level 3,jocular,jok-yuh-luh,adjective: joking or playful
Level 3,knight,nuyt,"noun: in medieval times, a man of noble birth who promised to serve and fight for a king"
Level 3,knoll,nol,"noun: a small, rounded hill"
Level 3,languish,lang-gwish,verb: to remain in an unpleasant or unwanted situation
Level 3,lattice,lat-uhs,"noun: a frame made of crossed wooden strips, used as a screen or as a support for plants"
Level 3,lectern,lek-tuhn,"noun: a reading desk, especially in a church"
Level 3,levitate,lev-uh-tayt,"verb: to rise or float in the air, as if by magic"
Level 3,liberal,lib-ruhl or lib-uh-ruhl,"adjective: tolerant, or accepting of the beliefs and opinions of other people"
Level 3,lightning,luyt-ning,noun: a sudden flash of light in the sky caused by electricity in the air during a storm
Level 3,loathsome,lohdh-suhm,adjective: hateful or disgusting
Level 3,logical,loj-ik-uhl,adjective: according to the principles of the science of reasoning
Level 3,lorikeet,lo-ruh-keet,"noun: a small, brightly coloured parrot"
Level 3,luggage,lug-ij,noun: the bags and other containers you use when travelling
Level 3,magazine,mag-uh-zeen,"noun: a paper containing news, stories and advertisements, usually issued once a week or once a month"
Level 3,magistrate,maj-uhs-trayt,noun: someone who acts as a judge in some less important court cases
Level 3,mannerism,man-uh-riz-uhm,noun: a habit of doing something which is slightly unusual
Level 3,maritime,ma-ruh-tuym,adjective: having to do with ships and sailing
Level 3,meagre,mee-guh,adjective: small and not enough to satisfy
Level 3,merciless,mers-uh-luhs,adjective: without mercy or pity
Level 3,merriment,me-ree-muhnt,noun: hilarity or laughter
Level 3,mischief,mis-chuhf,noun: behaviour meant to tease or annoy
Level 3,mobility,moh-bil-uh-tee,noun: the ability to move
Level 3,mosquito,muh-skee-toh,"noun: a small flying insect, the female of which sucks the blood of animals and humans"
Level 3,naughty,naw-tee,adjective: badly behaved
Level 3,negligent,neg-luh-juhnt,adjective: failing to take proper care over something
Level 3,negotiate,nuh-goh-shee-ayt,verb: to arrange by discussion
Level 3,nocturnal,nok-ter-nuhl,"adjective: active or out by night, as certain birds, insects and flowers"
Level 3,noticeable,noh-tuhs-uh-buhl,adjective: clear or apparent
Level 3,notional,noh-shuhn-uhl,adjective: having to do with or expressing a belief or idea
Level 3,oblivion,uh-bliv-ee-uhn,noun: the condition of being forgotten
Level 3,obsolete,ob-suh-leet,adjective: no longer being used
Level 3,occupant,ok-yuh-puhnt,noun: someone who lives in or is established in a house or a room
Level 3,ogre,oh-guh,"noun: an imaginary monster in stories, often one which likes to eat people"
Level 3,operator,op-uh-ray-tuh,noun: someone who works a machine
Level 3,ordinary,aw-duhn-ree,adjective: usual or normal
Level 3,ostrich,os-trich,"noun: a large bird with long legs, that lives in Africa"
Level 3,pagoda,puh-goh-duh,noun: a sacred building or temple shaped like a tower and usually found in Asian countries
Level 3,pancreas,pang-kree-uhs,noun: a gland near the stomach which produces important hormones and helps digestion
Level 3,pandemic,pan-dem-ik,"adjective: of a disease, widespread throughout an entire country or the whole world"
Level 3,paradise,pa-ruh-duys,noun: a place of great beauty or pleasure
Level 3,parasite,pa-ruh-suyt,"noun: an animal or plant which lives on or in another, from which it obtains its food"
Level 3,pathetic,puh-thet-ik,adjective: of poor quality
Level 3,patience,pay-shuhns,noun: calmness while waiting
Level 3,penguin,peng-gwuhn,"noun: a bird which cannot fly, has webbed feet and lives in or near the cold southern parts of the world"
Level 3,persuade,puh-swayd,"verb: to cause to do or believe something by advice, argument or influence"
Level 3,pertinent,per-tuh-nuhnt,adjective: having to do with the matter being discussed or thought about
Level 3,perturbed,puh-terbd,adjective: worried or disturbed
Level 3,photograph,foh-tuh-graf or foh-tuh-grahf,noun: a picture you take with a camera
Level 3,pilgrim,pil-gruhm,noun: someone who makes a long journey to visit a holy place
Level 3,platoon,pluh-toohn,noun: a group or unit of soldiers
Level 3,plausible,plawz-uh-buhl,adjective: believable or reasonable
Level 3,podiatry,puh-duy-uh-tree,noun: the investigation and treatment of foot disorders
Level 3,poison,poy-zuhn,noun: a substance which causes death or illness if you swallow it or absorb it
Level 3,political,puh-lit-i-kuhl,adjective: having or trying to gain power in government or public affairs
Level 3,pollinate,pol-uh-nayt,verb: to shed pollen on the flower of a plant which enables fertilisation
Level 3,polyester,pol-ee-ess-tuh,noun: a synthetic material
Level 3,pompous,pom-puhs,adjective: marked by a showy display of importance or rank
Level 3,precede,pree-seed,verb: to go or come before
Level 3,premature,prem-uh-tyooh-uh or prem-uh-chuh,adjective: occurring too soon
Level 3,premier,prem-ee-uh,noun: the leader of a state government in Australia
Level 3,presume,pruh-zyoohm,"verb: to believe something to be true because it seems obvious, even though you might not be certain"
Level 3,probable,prob-uh-buhl,adjective: likely to happen or be true
Level 3,problematic,prob-luh-mat-ik,adjective: difficult or doubtful
Level 3,promotion,pruh-moh-shuhn,noun: advancement in rank or position
Level 3,propagate,prop-uh-gayt,verb: to grow from seeds or cuttings
Level 3,proportion,pruh-paw-shuhn,"noun: the relation or comparison of one thing to another according to its size, number, and so on"
Level 3,protocol,proh-tuh-kol,noun: the rules of behaviour and ceremony used on official occasions
Level 3,provision,pruh-vizh-uhn,noun: an arrangement made beforehand
Level 3,proximity,prok-sim-uh-tee,"noun: nearness in place, time and so on"
Level 3,pungent,pun-juhnt,adjective: having a sharp taste or smell
Level 3,pursuit,puh-syooht,noun: the act of chasing
Level 3,qualified,kwol-uh-fuyd,adjective: having accomplishments which fit a person for some job or position
Level 3,quell,kwel,verb: to stop or calm
Level 3,quibble,kwib-uhl,verb: to argue over things that do not matter
Level 3,rampant,ram-puhnt,adjective: happening widely in an uncontrolled way
Level 3,ramshackle,ram-shak-uhl,adjective: shaky or likely to collapse
Level 3,receive,ruh-seev,verb: to get or be given something
Level 3,recuperate,ruh-kooh-puh-rayt,verb: to recover from sickness or exhaustion
Level 3,reference,ref-ruhns,noun: a letter giving a description of someone's character and abilities
Level 3,reindeer,rayn-dear,noun: a kind of deer with large antlers
Level 3,resonate,rez-uh-nayt,verb: to ring or resound
Level 3,responsible,ruh-spon-suh-buhl,adjective: capable of rational thought or action
Level 3,reunion,ree-yoohn-yuhn,"noun: a special meeting, usually of a family, or of people who have not seen each other for a long time"
Level 3,rummage,rum-ij,"verb: to search thoroughly or actively through a bag, place, and so on"
Level 3,scorpion,skaw-pee-uhn,"noun: a small, hard-shelled animal with a long, narrow tail that ends in a poisonous sting"
Level 3,semester,suh-mes-tuh,"noun: in educational institutions, one of the two divisions of the teaching year"
Level 3,shroud,shrowd,noun: something which covers and hides like a cloth
Level 3,signature,sig-nuh-chuh,noun: the way you write your own name
Level 3,skeleton,skel-uh-tuhn,"noun: all the bones of a human or animal body, connected together"
Level 3,sluggish,slug-ish,adjective: moving slowly with no energy
Level 3,squawk,skwawk,verb: to make a loud unpleasant cry
Level 3,squelch,skwelch,"verb: to crush down, or squash"
Level 3,squirrel,skwi-ruhl,"noun: a bushy-tailed animal found in Europe, Asia, and North America, which lives in trees and stores nuts"
Level 3,sumptuous,sump-chooh-uhs,adjective: rich and luxurious
Level 3,sympathy,sim-puh-thee,"noun: a feeling shared with someone else, especially in sorrow or trouble"
Level 3,tangent,tan-juhnt,noun: a sudden new direction
Level 3,tangible,tan-juh-buhl,"adjective: having a real, physical existence, not just existing as an idea"
Level 3,tedious,tee-dee-uhs,adjective: long and boring
Level 3,tuition,tyooh-ish-uhn,noun: teaching
Level 3,uninspired,un-in-spuy-uhd,adjective: lacking imagination or creative spirit
Level 3,antihero,an-tee-hear-roh,noun: a central character who does not possess the traditional heroic virtues or characteristics
Level 3,ballad,bal-uhd,"noun: a simple poem with short verses, which tells a story and is often turned into a song"
Level 3,Brahms,brahmz,noun: a German composer who was born in 1833 and died in 1897
Level 3,cameo,kam-ee-oh,noun: a short appearance in a film by a celebrity
Level 3,genre,zhon-ruh,"noun: the category to which a piece of writing, music, film or art belongs"
Level 3,handicraft,han-dee-krahft,noun: an occupation or art in which you use your hands
Level 3,harmonica,hah-mon-ik-uh,"noun: a small wind instrument with metal reeds, which you play by blowing"
Level 3,journal,jer-nuhl,"noun: a book where you can write down things that have happened, or your thoughts or feelings"
Level 3,language,lang-gwij,noun: the arrangement of words and sounds used to communicate between people of a particular country
Level 3,lyrics,li-riks,noun: the words of a song
Level 3,melody,mel-uh-dee,noun: a tune
Level 3,minim,min-uhm,noun: a note in music equal to half a semibreve in length
Level 3,museum,myooh-zee-uhm,noun: a place where rare and interesting things are displayed
Level 3,octave,ok-tiv or ok-tayv,noun: a series of eight notes between two musical notes of the same name but different pitch
Level 3,pianist,pee-uh-nuhst,noun: someone who plays the piano
Level 3,quill,kwil,"noun: a feather, as of a goose, formed into a pen for writing"
Level 3,rehearse,ruh-herce,verb: to practise in private before giving a public performance
Level 3,replica,rep-lik-uh,"noun: a copy or reproduction, especially of a work of art"
Level 3,satire,sat-uy-uh,noun: a literary composition in which someone's failings are ridiculed
Level 3,serenade,se-ruh-nayd,noun: music traditionally played or sung by a lover under their loved one's window at night
Level 3,serial,sear-ree-uhl,noun: a story that is published or broadcast regularly in separate parts
Level 3,simulcast,sim-uhl-kahst or suym-uhl-kahst,noun: a program broadcast on both television and radio at the same time
Level 3,texture,teks-chuh,noun: the roughness or smoothness of a material
Level 3,tragedy,traj-uh-dee,noun: a sad or serious play with an unhappy ending
Level 3,trilogy,tril-uh-jee,"noun: a series of three related works, such as novels or plays"
Level 3,Vivaldi,vuh-val-dee,"noun: an Italian composer and violinist, who was born around 1680 and died in 1741"
Level 3,appetite,ap-uh-tuyt,noun: the desire for food
Level 3,artichoke,ah-tuh-chohk,"noun: a thick, round flower which grows on a thistle-like plant and is used as a vegetable"
Level 3,casserole,kass-uh-rohl,"noun: a dish, usually a mixture of meat and vegetables, cooked in a covered baking dish"
Level 3,cereal,sear-ree-uhl,"noun: a food made from grain, especially the food you eat in the morning with milk"
Level 3,chocolate,chok-uh-luht,"noun: a sweet food made from the seeds of a small, tropical American tree"
Level 3,chopsticks,chop-stiks,"plural noun: a pair of thin, smooth sticks, used to pick up food, especially Asian food, when you are eating"
Level 3,congeal,kuhn-jeel,verb: to thicken or become solid
Level 3,coriander,ko-ree-an-duh,"noun: a small plant with strong-smelling, seedlike fruit, often used in cooking"
Level 3,crockery,krok-uh-ree,"noun: cups, plates, dishes and similar articles made of china or pottery"
Level 3,delicious,duh-lish-uhs,adjective: very pleasing to taste
Level 3,gourmet,gaw-may,noun: someone who knows a lot about good food and drink
Level 3,kitchen,kich-uhn,noun: the room or place where food is cooked and prepared
Level 3,lamington,lam-ing-tuhn,noun: a square of sponge cake covered with chocolate icing and grated coconut
Level 3,legume,leg-yoohm,"noun: any of a family of flowering plants which have pods as fruits, such as peas, beans, and so on"
Level 3,margarine,mah-juh-reen,noun: a butter-like spread made from vegetable oil
Level 3,porridge,po-rij,"noun: oats cooked with water or milk, often eaten for breakfast"
Level 3,punnet,pun-uht,"noun: a small, shallow box or basket for small fruits, especially berries"
Level 3,quaff,kwof,verb: to drink something quickly
Level 3,salmon,sam-uhn,noun: a large fish with pink flesh
Level 3,vanilla,vuh-nil-uh,"noun: a liquid made from a plant, used to flavour food"
Level 3,vegetable,vej-tuh-buhl,noun: any plant of which the whole or a part is used as food
Level 3,vitamin,vuy-tuh-muhn or vit-uh-muhn,"noun: any of a number of substances present naturally in food, and necessary in small quantities for good health"
Level 3,watermelon,waw-tuh-mel-uhn,noun: a large melon with green skin and dark pink flesh
Level 3,abyss,uh-biss,noun: a hole or space that is too deep to measure
Level 3,atmosphere,at-muhs-fear,noun: the air that surrounds the earth
Level 3,Austria,os-tree-uh,"noun: a republic in central Europe, containing part of the Alps and the Danube basin"
Level 3,billabong,bil-uh-bong,noun: a waterhole which used to be part of a river
Level 3,Cairo,kuy-roh,"noun: the capital of Egypt, in the northern part, on the eastern bank of the Nile"
Level 3,continent,kon-tuh-nuhnt,noun: one of the main land masses of the world
Level 3,Daintree,dayn-tree,noun: a coastal river and rainforest area in north-eastern Queensland
Level 3,drought,drowt,noun: a long period of dry weather
Level 3,Europe,yooh-ruhp,noun: a continent in the Northern Hemisphere forming the western part of the Eurasian landmass
Level 3,floe,floh,noun: a large area of ice floating on the sea
Level 3,geology,jee-ol-uh-jee,noun: the study of the rocks which form the earth
Level 3,glacier,glay-see-uh gla-see-uh,noun: a river of ice which moves very slowly down a mountain
Level 3,horizon,huh-ruy-zuhn,noun: the line where the earth or sea appears to meet the sky
Level 3,isle,uyl,noun: a small island
Level 3,Kakadu,kak-uh-dooh or kak-uh-dooh,noun: an area in Arnhem Land in the Northern Territory
Level 3,loch,lok,"noun: a lake, especially in Scotland"
Level 3,Mexico,mek-sik-oh,"noun: a federal republic in Central America bordered by the United States, Belize and Guatemala"
Level 3,monsoon,mon-soohn,noun: a season of strong winds and heavy rain in some southern Asian countries
Level 3,ozone,oh-zohn,"noun: a form of oxygen with three atoms to the molecule, having a peculiar smell"
Level 3,rainforest,rayn-fo-ruhst,noun: thick forest in hot areas which have heavy rainfall
Level 3,universe,yooh-nuh-vers,noun: the whole of space and everything that exists in it
Level 3,volcano,vol-kay-noh,"noun: a mountain with an opening in the top, through which molten rock, steam and ash burst out when it erupts"
Level 3,abacus,ab-uh-kuhs,noun: a frame with rods through it which hold beads used for counting
Level 3,altitude,al-tuh-tyoohd,noun: height above sea level
Level 3,antivirus,an-tee-vuy-ruhs,noun: a program designed to combat a computer virus by identifying and destroying it before it can damage the system
Level 3,astronaut,ass-truh-nawt,noun: someone specially trained to travel in a spaceship
Level 3,Curie,kyooh-ree,"noun: born in 1867 and died in 1934, was a Polish-born physicist and chemist in France"
Level 3,current,ku-ruhnt,noun: a movement or flow of electric charges
Level 3,decimal,dess-uh-muhl,adjective: relating to a number system based on the number ten
Level 3,divisible,duh-viz-uh-buhl,adjective: able to be to separated into smaller parts
Level 3,Einstein,uyn-stuyn,"noun: a physicist who was born in Germany in 1879 and died in 1955, who is most famous for formulating the theory of relativity"
Level 3,formula,faw-myuh-luh,"noun: in chemistry, the representation of the atoms in a molecule by symbols"
Level 3,galaxy,gal-uhk-see,noun: any large group of stars held together by its own gravity and separated from any other system by large areas of space
Level 3,hertz,hertz,noun: a unit used in the measurement of frequency
Level 3,microscope,muy-kruh-skohp,noun: an instrument used for looking at extremely tiny things that you normally cannot see
Level 3,nucleus,nyooh-klee-uhs,"noun: in biology, the central part of a living cell"
Level 3,polygon,pol-ee-gon,noun: a flat shape with many straight sides
Level 3,prototype,proh-tuh-tuyp,noun: the original or the model of something which is later copied
Level 3,quadrant,kwod-ruhnt,noun: a quarter of a circle
Level 3,quadruple,kwod-rooh-puhl,verb: to multiply by four
Level 3,ratio,ray-shee-oh,noun: the relationship between two amounts or quantities expressed in the lowest possible whole numbers
Level 3,research,ruh-serch or ree-serch,noun: the process of studying something deeply and doing tests to find out more about it
Level 3,rhombus,rom-buhs,"noun: a shape with four equal sides, and angles that are not right angles"
Level 3,specimen,spess-uh-muhn,noun: a single thing or part taken as being typical of a whole group or mass
Level 3,acrobat,ak-ruh-bat,noun: someone who performs gymnastic tricks
Level 3,activity,ak-tiv-uh-tee,"noun: something you do, especially something that involves lots of energy"
Level 3,arena,uh-ree-nuh,noun: an enclosed space for sports events
Level 3,ballet,bal-ay,"noun: a formal type of dancing, where the dancers act out a story, using graceful and controlled movements"
Level 3,celebrate,sel-uh-brayt,verb: to honour with ceremonies and festivities
Level 3,charades,shuh-raydz or shuh-rahdz,"noun: a game in which you act out a word or phrase, such as the title of a book or film, until people guess that word or phrase"
Level 3,competitor,kuhm-pet-uh-tuh,noun: someone who competes
Level 3,cycling,suyk-ling,noun: the sport of riding a bicycle
Level 3,exercise,eks-uh-suyz,noun: an activity of the body or mind to train or improve it
Level 3,festival,fest-uh-vuhl,noun: a celebration with performances of music and dance and other displays
Level 3,forfeit,faw-fuht,"verb: to give something up, usually because you have broken a rule or made a mistake"
Level 3,frolic,frol-ik,noun: happy play
Level 3,hammock,ham-uhk,noun: a hanging bed made of canvas or net-like material
Level 3,hopscotch,hop-skoch,noun: a children's game in which the player hops from one square to another in a pattern of squares drawn on the ground
Level 3,karate,kuh-rah-tee,"noun: a Japanese form of self-defence which uses only hands, elbows, feet and knees as weapons"
Level 3,lycra,luy-kruh,noun: a synthetic knitted fabric with great elasticity
Level 3,meditate,med-uh-tayt,verb: to think long and deeply
Level 3,medley,med-lee,"noun: a swimming race in which a competitor swims butterfly, backstroke, breaststroke and freestyle in that order"
Level 3,regatta,ruh-gat-uh,noun: a meeting for boat races
Level 3,skateboard,skayt-bawd,"noun: a narrow, wooden board on rollerskate wheels, which you stand on to ride"
Level 3,snorkel,snaw-kuhl,noun: a tube that lets you breathe fresh air as you swim with your face just under the water
Level 3,soccer,sok-uh,noun: a form of football played with a round ball which the players kick but in general are not allowed to touch with their hands or arms
Level 3,tranquil,trang-kwuhl,adjective: peaceful or quiet
Level 4,alteration,awl-tuh-ray-shuhn,noun: the act of changing something or making it different
Level 4,ambulance,am-byuh-luhns,noun: a vehicle which is specially equipped to carry sick or injured people and which is driven by experts in first aid
Level 4,anticipate,an-tiss-uh-payt,verb: to expect something to happen
Level 4,application,ap-luh-kay-shuhn,noun: a request
Level 4,apprehend,ap-ruh-hend,verb: to catch or arrest someone
Level 4,architect,ah-kuh-tekt,noun: someone whose job is to plan buildings
Level 4,arguable,ah-gyooh-uh-buhl,adjective: able to be proved by argument
Level 4,artery,ah-tuh-ree,noun: a small tube inside your body that carries blood from your heart
Level 4,arthritis,ah-thruy-tuhs,noun: a disease that causes swelling and pain in the joints of the body
Level 4,ascent,uh-sent,noun: an upward movement
Level 4,askew,uhs-kyooh,adverb: out of position
Level 4,associate,uh-soh-see-ayt,"verb: to connect someone or something with a particular idea, feeling or memory"
Level 4,attraction,uh-trak-shuhn,noun: the act or power of attracting
Level 4,audible,aw-duh-buhl,adjective: loud enough to be heard
Level 4,authentic,aw-then-tik,adjective: real or genuine
Level 4,automobile,aw-tuh-muh-beel,noun: a car or other self-propelled road transport vehicle
Level 4,aviator,ay-vee-ay-tuh,noun: a pilot
Level 4,bacteria,bak-teer-ree-uh,"plural noun: tiny living bodies with one cell, which multiply by dividing themselves in two and which can cause disease and decay"
Level 4,barrage,ba-rahzh or ba-rahj,noun: a long and strenuous verbal attack
Level 4,beneficial,ben-uh-fish-uhl,adjective: helpful
Level 4,besiege,buh-seej,verb: to surround or crowd round
Level 4,biased,buy-uhst,adjective: having or showing an unreasonable opinion based on personal prejudice
Level 4,bilateral,buy-lat-ruhl,adjective: of or affecting two sides
Level 4,bilious,bil-ee-uhs,adjective: sickly or nauseating
Level 4,biodiverse,buy-oh-duy-vers or buy-oh-duh-vers,"adjective: exhibiting a variety of species of plants, animals and microorganisms, their genes, and the ecosystems they comprise"
Level 4,blackcurrant,blak-ku-ruhnt,noun: a small black fruit which grows on a shrub
Level 4,botanical,buh-tan-i-kuhl,adjective: relating to plants or the study of plants
Level 4,camellia,kuh-mee-lee-uh,"noun: one of several shrubs or trees with glossy evergreen leaves and white, pink, or red, waxy, roselike flowers"
Level 4,cartridge,kah-trij,"noun: a container, such as that which holds ink for a pen or a printer"
Level 4,catalogue,kat-uh-log,"noun: a list, usually in alphabetical order, of names, books or items on sale or display and some information about them"
Level 4,cathedral,kuh-thee-druhl,noun: a very big and important church
Level 4,census,sen-suhs,noun: an official recording of all the people who live in a place or country to gather information about them
Level 4,centaur,sen-taw,"noun: a creature from Greek mythology, said to be half man and half horse"
Level 4,centenary,sen-teen-uh-ree or sen-ten-uh-ree,noun: a 100th anniversary
Level 4,ceremony,se-ruh-muh-nee or se-ruh-moh-nee,noun: a formal event performed to mark an important occasion
Level 4,circumvent,ser-kuhm-vent,verb: to get around or avoid
Level 4,compassion,kuhm-pash-uhn,noun: a feeling of sorrow or pity for someone
Level 4,competent,kom-puh-tuhnt,adjective: able or skilful
Level 4,conclusion,kuhn-klooh-zhuhn or kuhng-klooh-zhuhn,"noun: the last main division of a speech, book, etc., containing a summing up of the points"
Level 4,congregation,kong-gruh-gay-shuhn,noun: an assembly of persons met for common religious worship
Level 4,consecutive,kuhn-sek-yuh-tiv,adjective: following one after the other
Level 4,continuous,kuhn-tin-yooh-uhs,adjective: keeping on without stopping
Level 4,controversy,kon-truh-ver-see or kuhn-trov-uh-see,noun: an argument or difference of opinion
Level 4,convulsive,kuhn-vul-siv,adjective: marked or accompanied by convulsions or spasms
Level 4,corporation,kaw-puh-ray-shuhn,noun: a business or other united group of people
Level 4,corral,ko-rahl,"noun: a pen or enclosure for horses, cattle, or other animals"
Level 4,courteous,ker-tee-uhs,adjective: well-mannered or polite
Level 4,cubicle,kyooh-bik-uhl,"noun: a small, partly enclosed space"
Level 4,cumbersome,kum-buh-suhm,adjective: awkward to handle
Level 4,curiosity,kyooh-ree-oss-uh-tee,noun: the desire to learn or know about things
Level 4,dandelion,dan-dee-luy-uhn,noun: a plant with yellow flowers which form fluffy balls when they go to seed
Level 4,deceptive,duh-sep-tiv,adjective: tending to deceive
Level 4,decorative,dek-uh-ruh-tiv,adjective: serving to make something look more attractive
Level 4,decrepit,duh-krep-uht,adjective: made weak or broken down by age
Level 4,demonstration,dem-uhn-stray-shuhn,noun: a show of someone's skills or abilities in a particular area
Level 4,deplorable,duh-plaw-ruh-buhl,adjective: causing grief or regret
Level 4,dermatology,derm-uh-tol-uh-jee,noun: the study of the skin and its diseases
Level 4,deteriorate,duh-tear-ree-uh-rayt,verb: to become worse
Level 4,diplomacy,duh-ploh-muh-see,noun: skill in managing relations between nations or people
Level 4,discussion,duhs-kush-uhn,noun: a talk between people to share opinions
Level 4,dystopia,dis-toh-pee-uh,noun: an imaginary world in which everything is as bad as it can possibly be
Level 4,ecstasy,ek-stuh-see,noun: a sudden feeling of great joy
Level 4,edifice,ed-uh-fuhs,"noun: a building, especially a large or impressive one"
Level 4,electricity,el-uhk-triss-uh-tee,"noun: a form of energy which can be used for heating, lighting, driving a motor, and other things"
Level 4,embarrass,em-ba-ruhs,verb: to cause to feel uncomfortable
Level 4,eventual,uh-ven-chooh-uhl,adjective: final or last
Level 4,experience,ek-spear-ree-uhns,noun: knowledge and practical skill gained from what you have done
Level 4,fastidious,fass-tid-ee-uhs,adjective: fussy or hard to please
Level 4,ferocity,fuh-ross-uh-tee,noun: savage fierceness
Level 4,finicky,fin-uh-kee,"adjective: full of small, unimportant detail"
Level 4,flagrant,flay-gruhnt,adjective: obvious in a shameless way
Level 4,graffiti,gruh-fee-tee,noun: drawings or words written without permission on walls in public places
Level 4,guttural,gut-uh-ruhl,adjective: harsh and throaty
Level 4,helium,hee-lee-uhm,noun: a gas which is lighter than air and is often used to fill balloons
Level 4,hilarious,huh-lair-ree-uhs,adjective: noisily cheerful
Level 4,immediate,im-ee-dee-uht,adjective: happening straight away
Level 4,imperial,im-peer-ree-uhl,adjective: belonging to an empire
Level 4,impromptu,im-promp-tyooh,"adjective: made or done on the spot, without any previous preparation"
Level 4,incision,in-sizh-uhn,noun: a cut with a knife
Level 4,infirmary,in-fer-muh-ree,noun: a kind of hospital
Level 4,innuendo,in-yooh-en-doh,noun: a remark that suggests something unpleasant about someone without actually stating it
Level 4,instalment,in-stawl-muhnt,noun: a single part of a story being published in several parts one after the other
Level 4,intermittent,in-tuh-mit-uhnt,adjective: stopping and starting
Level 4,inundate,in-un-dayt,verb: to overwhelm with a flood or with something like a flood
Level 4,involuntary,in-vol-uhn-tree or in-vol-uhn-terry,adjective: unintentional
Level 4,jamboree,jam-buh-ree,noun: a large gathering of Scouts
Level 4,knuckle,nuk-uhl,"noun: a finger joint, especially the bottom joint where the finger meets the rest of the hand"
Level 4,luxuriant,lug-zhooh-ree-uhnt,adjective: strong in growth
Level 4,mackerel,mak-uh-ruhl,"noun: a shiny, greenish fish which is used for food"
Level 4,malady,mal-uh-dee,"noun: any bodily disorder or disease, especially one that is chronic or deep-seated"
Level 4,malicious,muh-lish-uhs,adjective: showing a desire to hurt or cause harm
Level 4,medication,med-uh-kay-shuhn,"noun: a substance used to treat an illness, such as a liquid medicine or tablets"
Level 4,mercurial,mer-kyooh-ree-uhl,adjective: rapidly changing in mood
Level 4,meteorite,mee-tee-uh-ruyt,noun: a mass of stone or metal that has reached the earth from outer space
Level 4,miniature,min-uh-chuh,noun: a very small copy or model of something
Level 4,monarch,mon-ahk,"noun: a ruler of a country who inherits the position, such as a king or queen"
Level 4,multicultural,mul-tee-kul-chuh-ruhl,adjective: containing groups of people of different cultures or ethnic backgrounds
Level 4,mythical,mith-i-kuhl,"adjective: relating to an ancient story about gods, brave people and supernatural happenings, which may try to explain natural events"
Level 4,niche,neesh,noun: a place or position suitable for a person or thing
Level 4,officious,uh-fish-uhs,adjective: too eager to force your services upon others and to tell them what to do
Level 4,ominous,om-uh-nuhs,adjective: threatening
Level 4,perceptible,puh-sep-tuh-buhl,adjective: able to be detected
Level 4,philosophy,fuh-loss-uh-fee,noun: the search for knowledge and the answers to questions such as ‘Why do I exist?’ and ‘What is the purpose of life?’
Level 4,piteous,pit-ee-uhs,adjective: causing you to feel pity
Level 4,pleasurable,plezh-uh-ruh-buhl,adjective: giving pleasure
Level 4,plethora,pleth-uh-ruh,noun: a superabundance of something
Level 4,porcupine,pawk-yuh-puyn,"noun: a small animal covered with stiff, sharp spines, found in Europe, Africa, and North America"
Level 4,promulgate,prom-uhl-gayt,verb: to make known by public declaration
Level 4,quandary,kwon-duh-ree,noun: confusion about the best thing to do
Level 4,quokka,kwok-uh,"noun: a small wallaby, just larger than a cat, with rounded ears and a short face"
Level 4,rehabilitate,ree-huh-bil-uh-tayt,"verb: to help return someone to normal activities, especially after an illness or accident, or after having been in prison"
Level 4,reimburse,ree-im-bers,verb: to pay back or refund
Level 4,resilient,ruh-zil-ee-uhnt,"adjective: able to become strong, healthy or happy again after an illness or misfortune"
Level 4,retrospective,ret-ruh-spek-tiv,adjective: having to do with or coming from the past
Level 4,righteous,ruy-chuhs,adjective: good and upright
Level 4,salamander,sal-uh-man-duh,"noun: a type of amphibian with a tail, which lives in the water when very young, but later lives on land"
Level 4,sanitary,san-uh-tree or san-uh-terry,adjective: having to do with cleanliness or care in preventing disease
Level 4,scaffolding,skaf-uhl-ding,noun: a system of building supports
Level 4,scenario,suh-nah-ree-oh or suh-nair-ree-oh,noun: an outline of a general situation or plan
Level 4,scoundrel,skown-druhl,noun: a wicked and immoral person
Level 4,souvenir,sooh-vuh-near,noun: something you keep as a memory of a place or event
Level 4,stegosaurus,steg-uh-saw-ruhs,"noun: a large, herbivorous dinosaur, with a heavy bony armour"
Level 4,stethoscope,steth-uh-skohp,noun: an instrument used by doctors to listen to the sounds made by the heart and lungs
Level 4,strategic,struh-tee-jik,adjective: important in a strategy or a plan
Level 4,supervisor,sooh-puh-vuy-zuh,noun: someone who supervises or manages
Level 4,surmount,ser-mownt,"verb: to get over or across something, such as an obstacle or problem"
Level 4,symptom,simp-tuhm,noun: something that shows that you have a disease or illness of some kind
Level 4,synthetic,sin-thet-ik,"adjective: made from artificial substances, not natural ones"
Level 4,tenacious,tuh-nay-shuhs,adjective: characterised by keeping a firm hold
Level 4,territorial,te-ruh-taw-ree-uhl,adjective: of or relating to a specific area
Level 4,tertiary,ter-shuh-ree,adjective: relating to schooling at a college or university
Level 4,treasurer,trezh-uh-ruh,"noun: someone in charge of the money belonging to a company, club or city"
Level 4,trepidation,tre-puh-day-shuhn,noun: fearful alarm or agitation
Level 4,triceratops,truy-se-ruh-tops,noun: a large plant-eating dinosaur with three horns on its head and a bony crest on its neck
Level 4,unanimous,yooh-nan-uh-muhs,adjective: showing complete agreement
Level 4,unique,yooh-neek,adjective: to be different from all the others
Level 4,unruffled,un-ruf-uhld,"adjective: of a person, calm or undisturbed"
Level 4,upheaval,up-hee-vuhl,noun: a complete change or great disturbance
Level 4,visibility,viz-uh-bil-uh-tee,"noun: the distance you can see, given the weather conditions or time of day"
Level 4,waratah,wo-ruh-tah,noun: an Australian shrub with large red flowers
Level 4,annotate,an-uh-tayt,verb: to supply with notes or make remarks upon
Level 4,antonym,an-tuh-nim,noun: a word which has an opposite meaning to another word
Level 4,character,ka-ruhk-tuh,noun: someone in a story or play
Level 4,critique,kri-teek,noun: an article or essay reviewing something
Level 4,dialogue,duy-uh-log,"noun: a conversation between two or more people, especially in a play or story"
Level 4,documentary,dok-yooh-men-tuh-ree,"noun: a film, television or radio program about a real event or someone's life"
Level 4,elegy,el-uh-jee,noun: a mournful or melancholy poem
Level 4,exposition,ek-spuh-zish-uhn,noun: a detailed or spoken text type with the purpose of explaining something
Level 4,falsetto,fawl-set-oh,"noun: a very high-pitched voice, especially in a man"
Level 4,glossary,gloss-uh-ree,"noun: a list of special or difficult words about a particular subject, with their definitions"
Level 4,heroine,he-ruh-wuhn,"noun: the female character who has the main part in a book, film or play"
Level 4,illustration,il-uhs-tray-shuhn,noun: a picture in a book
Level 4,memoir,mem-wah,noun: a record of events based on the personal experience of the writer
Level 4,monochrome,mon-uh-krohm,noun: a painting or drawing in different shades of a single colour
Level 4,musician,myooh-zish-uhn,noun: someone who plays or composes music
Level 4,orator,o-ruh-tuh,"noun: a public speaker, especially a skilful one"
Level 4,playwright,play-ruyt,noun: someone who writes plays
Level 4,rhythm,ridh-uhm,noun: the pattern of beats in music or speech
Level 4,semibreve,sem-ee-breev,noun: a musical note which is four crotchets long
Level 4,simile,sim-uh-lee,"noun: a figure of speech which points out a likeness between two generally unlike things, usually using the words `like' or `as'"
Level 4,Spielberg,speel-berg,"noun: a US film director; his many films include Jaws, E.T. The Extra-Terrestrial and Jurassic Park"
Level 4,theatre,thear-tuh,"noun: a building or hall for presenting plays, opera, ballet, and so on"
Level 4,anchovy,an-chuh-vee or an-choh-vee,noun: a small fish with a very salty taste
Level 4,biscotti,bis-kot-ee,"plural noun: Italian biscuits, often flavoured with hazelnuts or almonds"
Level 4,boysenberry,boy-zuhn-be-ree,noun: a blackberry-like fruit with a flavour similar to raspberries
Level 4,brioche,bree-osh,"noun: a kind of light, sweet bun or roll, raised with eggs and yeast"
Level 4,cafeteria,kaf-uh-teer-ree-uh,noun: a cheap self-service restaurant
Level 4,celery,sel-uh-ree,"noun: a vegetable with long, pale green stems"
Level 4,cuisine,kwuh-zeen,noun: a style of cooking
Level 4,delectable,duh-lek-tuh-buhl,adjective: delicious
Level 4,digestion,duy-jess-chuhn,noun: the act of or process by which you digest food
Level 4,frittata,fri-tah-tuh,noun: an open omelette containing ingredients such as vegetables and cheese
Level 4,guava,gwah-vuh,"noun: a tropical fruit with pink, juicy flesh"
Level 4,luncheon,lunch-uhn,noun: a rather formal meal in the middle of the day
Level 4,nougat,nooh-gah,"noun: a hard chewy sweet, usually white or pink and containing nuts"
Level 4,quiche,keesh,"noun: a tart filled with a mixture of cooked eggs, cream and cheese, often eaten cold"
Level 4,recipe,res-uh-pee,noun: instructions on how to cook something
Level 4,sucrose,soohk-rohz or soohk-rohs,"noun: a crystalline carbohydrate, obtained from sugar cane, sugar beet, and so on"
Level 4,sustenance,sus-tuh-nuhns,noun: nourishment gained from what you eat
Level 4,vegetarian,vej-uh-tair-ree-uhn,noun: someone who does not eat meat or fish and lives mainly or totally on vegetable food
Level 4,wholegrain,hohl-grayn,adjective: containing or made from the whole of the grain of something
Level 4,Belgium,bel-juhm,"noun: a kingdom in north-western Europe, on the North Sea"
Level 4,caldera,kal-dair-ruh,noun: a large crater formed by the explosion or sinking of the cone of a volcano
Level 4,cartography,kah-tog-ruh-fee,noun: the making of maps or charts
Level 4,fissure,fish-uh,noun: a crack or split
Level 4,Hillary,hil-uh-ree,noun: a New Zealand explorer and mountaineer who was born in 1919 and died in 2008
Level 4,Himalayas,him-uh-lay-uhz,plural noun: a lofty mountain system extending about 2400 km along the border between India and Tibet
Level 4,hurricane,hu-ruh-kuhn or hu-ruh-kayn,noun: a violent tropical storm with a very strong wind
Level 4,Jamaica,juh-may-kuh,noun: a parliamentary state in the West Indies
Level 4,Malaysia,muh-lay-zhuh,noun: a federal monarchy in South-East Asia
Level 4,monolith,mon-uh-lith,"noun: a single, huge rock"
Level 4,Paraguay,pa-ruh-gwuy or pa-ruh-gway,"noun: a republic in central South America, bordered by Brazil, Argentina and Bolivia"
Level 4,plateau,plat-oh,"noun: a large, flat stretch of high ground"
Level 4,precipice,press-uh-puhs,noun: a very steep cliff
Level 4,squall,skwawl,noun: a sudden strong wind which dies away rapidly
Level 4,Switzerland,swits-uh-luhnd,"noun: a federal republic in western central Europe, in the Alps and the Jura Mountains"
Level 4,vegetation,vej-uh-tay-shuhn,noun: the whole plant life of a particular area
Level 4,Yosemite,yoh-sem-uh-tee,"noun: a deep valley in the US, in eastern California, in the Sierra Nevada mountains; a part of Yosemite National Park"
Level 4,barometer,buh-rom-uh-tuh,"noun: an instrument that measures air pressure, used to help work out what changes in the weather can be expected"
Level 4,bisector,buy-sek-tuh,noun: a line or plane which divides an angle or line into two
Level 4,Celsius,sel-see-uhs,"adjective: a scale used to measure temperature, where 0 degrees is the melting point of ice and 100 degrees is the boiling point of water"
Level 4,circumference,suh-kum-fuh-ruhns,"noun: the distance around something, especially around a circle or circular object"
Level 4,combustion,kuhm-bus-chuhn,noun: the process of burning
Level 4,contraption,kuhn-trap-shuhn,noun: a complicated device or piece of machinery
Level 4,decibel,dess-uh-bel,noun: a measure of loudness used to show how much louder one sound is than another
Level 4,diameter,duy-am-uh-tuh,noun: the straight line which goes through the centre of a circle from one side to the other
Level 4,evaporate,ee-vap-uh-rayt,verb: to dry up and disappear
Level 4,experiment,ek-spe-ruh-muhnt,noun: a test carried out to discover something
Level 4,frequency,free-kwuhn-see,noun: the rate of movements in a sound wave
Level 4,horizontal,ho-ruh-zon-tuhl,"adjective: parallel, or in line, with the horizon, as opposed to vertical"
Level 4,observation,ob-zuh-vay-shuhn,noun: the act of noticing or watching
Level 4,oxygen,ok-suh-juhn,noun: a gas with no colour or smell which is a necessary part of the air we breathe
Level 4,parallel,pa-ruh-lel,adjective: side by side and the same distance from each other at every point along the way
Level 4,programming,proh-gram-ing,noun: the writing of instructions in a computer language which will cause a computer to perform a particular operation
Level 4,theorem,thear-ruhm,noun: a statement containing something to be proved in mathematics
Level 4,triangulate,truy-ang-gyuh-layt,"verb: to determine a height or distance, and so on, by dividing an area into triangles and measuring their angles"
Level 4,adventurous,uhd-ven-chuh-ruhs,adjective: wanting to take part in adventures
Level 4,agility,uh-jil-uh-tee,noun: the ability to move quickly and easily
Level 4,amateur,am-uh-tuh or am-uh-chuh,noun: an athlete who does not earn money from playing sport
Level 4,billiards,bil-yuhdz,"noun: a game played on a long table, with hard balls hit by a long stick called a cue"
Level 4,bocce,boch-ay,noun: an Italian form of the game of bowls
Level 4,challenger,chal-uhn-juh,noun: a contestant who is trying to defeat someone who is the current champion in a competition
Level 4,deodorant,dee-oh-duh-ruhnt,noun: something which prevents or removes bad smells
Level 4,dexterity,deks-te-ruh-tee,"noun: skill or cleverness, especially in using your hands"
Level 4,dressage,dress-ahzh,noun: the art of training a horse in obedience and deportment
Level 4,entertainment,en-tuh-tayn-muhnt,"noun: something that interests and amuses, especially an exhibition or performance of some kind"
Level 4,exhaustion,eg-zaws-chuhn,noun: the state of being worn out or weary
Level 4,heavyweight,hev-ee-wayt,noun: a boxer in one of the heaviest groups
Level 4,regimen,rej-uh-muhn,"noun: a regulated course of diet, exercise, or manner of living, intended to preserve or restore health or to attain some result"
Level 4,rejuvenate,ruh-jooh-vuh-nayt,verb: to make feel young or energetic again
Level 4,semifinalist,sem-ee-fuy-nuh-luhst,noun: a player or team contesting a semifinal
Level 4,stoppage,stop-ij,"noun: a stop in play, especially in team sports"
Level 4,tournament,taw-nuh-muhnt,noun: a meeting for contests in sport or other games
Level 4,tricycle,truy-sik-uhl,"noun: a vehicle you pedal, with three wheels, one at the front and two at the back"
Level 4,wrestling,ress-ling,"noun: an exercise or sport in which two people struggle hand to hand, each striving to throw or force the other to the ground"
Level 4,yacht,yot,noun: a sailing boat used for sport or pleasure
Level 5,amphibious,am-fib-ee-uhs,"adjective: able to live, move or operate both on land and in water"
Level 5,analgesic,an-uhl-jee-zik,noun: a medicine that removes or reduces pain
Level 5,anecdotal,an-uhk-doh-tuhl,"adjective: relating to, or consisting of an interesting story"
Level 5,antecedent,an-tuh-see-duhnt,adjective: going or being before something
Level 5,archetype,ah-kuh-tuyp,noun: a typical example
Level 5,aspersion,uh-sper-zhuhn or uh-sper-shuhn,noun: a harmful remark or criticism
Level 5,autonomous,aw-ton-uh-muhs,adjective: self-governing
Level 5,bankruptcy,bangk-rup-see,noun: the state of being unable to pay your debts
Level 5,barrister,ba-ruhs-tuh,noun: a lawyer whose main work is presenting cases in court
Level 5,boisterous,boy-struhs,adjective: rough and noisy
Level 5,cachet,kash-ay or kash-ay,noun: prestige or distinction
Level 5,capricious,kuh-prish-uhs or kuh-preesh-uhs,adjective: suddenly changing your mind without apparent reason
Level 5,catastrophe,kuh-tass-truh-fee,noun: a sudden disaster
Level 5,celestial,suh-less-tee-uhl,adjective: having to do with the sky or heavens
Level 5,cerebral,se-ruh-bruhl or suh-ree-bruhl,adjective: having to do with intellectual thought as opposed to physical activity
Level 5,conurbation,kon-er-bay-shuhn,noun: a large heavily populated area formed by growth and the gradual joining together of previously separate towns
Level 5,curriculum,kuh-rik-yuh-luhm,noun: a set of courses of study
Level 5,cyclamen,suy-kluh-muhn or sik-luh-muhn,"noun: a type of plant with white, purple, pink, or red flowers"
Level 5,cynicism,sin-uh-siz-uhm,noun: a cynical way of thinking
Level 5,ebullient,uh-bool-ee-uhnt or uh-bul-ee-uhnt,adjective: full of eagerness and excitement
Level 5,egotistical,ee-guh-tis-tik-uhl or eg-uh-tis-tik-uhl,adjective: self-centred and conceited
Level 5,euphemism,yooh-fuh-miz-uhm,noun: a mild word or phrase chosen to replace one that some people might find unpleasant
Level 5,foible,foy-buhl,noun: a slight weakness in someone's character
Level 5,fortuitous,faw-tyooh-uh-tuhs,adjective: happening by chance or by good luck
Level 5,gargoyle,gah-goyl,"noun: a spout, often carved in the shape of an ugly head with an open mouth, which carries rainwater off a roof"
Level 5,geriatric,je-ree-at-rik,adjective: having to do with old people or their care
Level 5,gesticulate,jes-tik-yuh-layt,"verb: to make movements with your hands, to express a feeling or idea"
Level 5,gratuitous,gruh-tyooh-uh-tuhs,"adjective: without reason, cause or excuse"
Level 5,inauguration,in-awg-yuh-ray-shuhn,noun: induction into office at a formal ceremony
Level 5,innocuous,in-ok-yooh-uhs,adjective: not harmful
Level 5,interrogation,in-te-ruh-gay-shuhn,noun: the act of questioning someone closely to find out something
Level 5,irreversible,i-ruh-vers-uh-buhl,adjective: not able to be changed or undone
Level 5,linoleum,luy-noh-lee-uhm,"noun: a floor covering formed by coating hessian or canvas with linseed oil, powdered cork, and rosin"
Level 5,liquidambar,lik-wuhd-am-buh,noun: a large deciduous tree
Level 5,monastery,mon-uhs-tree or mon-uhs-terry,noun: a place where a group of monks live and work
Level 5,naturopathy,nach-uh-rop-uh-thee,"noun: a system of treating disease and disorders in humans based on promoting the body's own natural defences, especially by use of herbs, natural foods, massage, exercise and sunlight"
Level 5,necessity,nuh-sess-uh-tee,noun: something that cannot be done without
Level 5,pandemonium,pan-duh-moh-nee-uhm,noun: wild and noisy confusion
Level 5,peripheral,puh-rif-uh-ruhl,adjective: not part of a main or central thing
Level 5,perpendicular,per-puhn-dik-yuh-luh,adjective: meeting a line or surface at right angles
Level 5,precocious,pruh-koh-shuhs,adjective: more advanced than others of the same age
Level 5,preferential,pref-uh-ren-shuhl,"adjective: special, or ahead of everyone else"
Level 5,prejudice,prej-uh-duhs,"noun: an opinion unfairly formed beforehand, without reason or proof"
Level 5,privilege,priv-uh-lij,noun: a special right or advantage enjoyed by only a limited number of people
Level 5,prodigious,pruh-dij-uhs,"adjective: extremely great in size, amount or force"
Level 5,superannuation,sooh-puh-ran-yooh-ay-shuhn,"noun: a pension or allowance paid to a person, especially someone who has retired from work"
Level 5,superstitious,sooh-puh-stish-uhs,adjective: believing that certain things or events can bring you good or bad luck
Level 5,warranty,wo-ruhn-tee,noun: a formal promise or assurance of reliability
Level 5,wildebeest,wil-duh-beest,noun: an African antelope
Level 5,wrasse,rass,"noun: a marine fish, usually a brilliant colour, with thick lips"
Level 5,zoological,zoh-uh-loj-ik-uhl,adjective: having to do with animals
Level 5,acronym,ak-ruh-nim,noun: a word made from the first letters of other words
Level 5,allegretto,al-uh-gret-oh,"adverb: in music, played or sung at a rapid tempo"
Level 5,anecdote,an-uhk-doht,noun: a short story that tells about a funny or interesting person or event
Level 5,cinematography,sin-uh-muh-tog-ruh-fee,noun: the art of film photography
Level 5,conservatorium,kuhn-serv-uh-taw-ree-uhm,noun: a school where you learn music
Level 5,fictitious,fik-tish-uhs,adjective: imaginary or made up
Level 5,haiku,huy-kooh or huy-kooh,noun: a Japanese form of poem which has 17 syllables and three lines
Level 5,manuscript,man-yuh-skript,"noun: a book, letter, or piece of music, written by hand or typed"
Level 5,melodramatic,mel-uh-druh-mat-ik,adjective: too emotional and theatrical
Level 5,orchestra,aw-kuh-struh,"noun: a large group of players of musical instruments, often performing classical music"
Level 5,oxymoron,ok-see-maw-ron,noun: a saying which contains a seeming contradiction
Level 5,portraiture,paw-truh-chuh,"noun: the art of painting or drawing the likeness of a person, especially depicting only the face or the head and shoulders"
Level 5,synonym,sin-uh-nim,noun: a word having the same or very similar meaning as another
Level 5,vaudeville,vaw-duh-vil,"noun: a theatrical entertainment, popular in the past, featuring musical and comedy acts"
Level 5,arancini,a-ruhn-chee-nee,"noun: (in Italian cookery) a dish of cones or balls of cooked rice, usually flavoured with mozzarella, coated in breadcrumbs, and deep-fried"
Level 5,camembert,kam-uhm-bair,"noun: a rich, creamy, soft cheese, usually made in small, flat rounds"
Level 5,confectionery,kuhn-fek-shuhn-ree or kuhn-fek-shuhn-erry,plural noun: sweets
Level 5,delicatessen,del-uh-kuh-tess-uhn,"noun: a shop which sells a variety of foods, including cheeses, cold meats, and other prepared goods"
Level 5,focaccia,fuh-kah-chuh or fuh-kah-chee-uh,noun: flat Italian bread which can be eaten with various fillings or toppings
Level 5,gnocchi,nyok-ee or nok-ee,"noun: small dumplings made from potato and flour or semolina, usually served with a sauce"
Level 5,meringue,muh-rang,noun: a mixture of sugar and beaten whites of eggs used in cakes and sweets
Level 5,mortadella,maw-tuh-del-uh,noun: a large cooked and smoked sausage made of chopped beef and pork seasoned with garlic and pepper
Level 5,pistachio,puh-stah-shee-oh or puh-stash-ee-oh,noun: the nut of the fruit of a small tree of southern Europe and western Asia
Level 5,tortilla,taw-tee-yuh,"noun: a thin, round, unleavened cake made from cornmeal"
Level 5,crevasse,kruh-vass,noun: a deep crack in a glacier or river of ice
Level 5,Indonesia,in-duh-nee-zhuh,"noun: a republic in South-East Asia, consisting of a group of about 13,000 islands lying between the Malay Peninsula and New Guinea"
Level 5,Nullarbor,nul-uh-baw,"noun: a plain lying along the Great Australian Bight, stretching across the border between Western Australia and South Australia"
Level 5,precipitation,pruh-sip-uh-tay-shuhn,"noun: water that falls from the sky, whether as rain, snow or hail"
Level 5,seismology,suyz-mol-uh-jee,noun: the science or study of earthquakes
Level 5,sirocco,suh-rok-oh,"noun: a hot, oppressive wind"
Level 5,stalactite,stal-uhk-tuyt,"noun: a deposit formed by dripping water, which hangs from the roof of a limestone cave"
Level 5,Vanuatu,van-uh-wah-tooh,noun: a republic in the south-western Pacific Ocean
Level 5,Zimbabwe,zim-bahb-way zim-bahb-wee,"noun: a republic in southern Africa bordered by Mozambique, Zambia, Botswana and South Africa"
Level 5,algebra,al-juh-bruh,noun: the branch of mathematics which uses letters to stand for numbers
Level 5,alkali,al-kuh-luy,noun: a chemical that reduces the effect of acid
Level 5,alphanumeric,al-fuh-nyooh-me-rik,adjective: consisting of both letters and numerals
Level 5,ampere,am-pair,noun: a unit of electric current
Level 5,chromosome,kroh-muh-sohm or kroh-muh-zohm,"noun: a tiny part found in the nucleus of all living cells, which carries the genetic codes for the characteristics of the organism"
Level 5,equilateral,eek-wuh-lat-uh-ruhl,adjective: having equal sides
Level 5,Galileo,gal-uh-lay-oh,"noun: an Italian physicist, astronomer and mathematician who was born in 1564 and ied in 1642"
Level 5,laboratory,luh-bo-ruh-tree or lab-ruh-taw-ree,noun: a building or room for doing scientific tests or for making chemicals or medicines
Level 5,mathematician,math-uh-muh-tish-uhn,noun: an expert in mathematics
Level 5,millimetre,mil-uh-mee-tuh,noun: a unit of length in the metric system
Level 5,temperature,tem-pruh-chuh,noun: a measure of the degree of heat or cold of something or someone
Level 5,abseiling,ab-say-ling,"noun: the sport of lowering yourself down a cliff or wall, using a rope attached to a harness"
Level 5,aikido,uy-kee-doh or uy-kid-oh,noun: a type of Japanese martial art
Level 5,carbohydrate,kah-buh-huy-drayt,"noun: one of a range of chemical compounds of oxygen, hydrogen and carbon, including simple sugars such as glucose and lactose"
Level 5,catapult,kat-uh-pult,noun: a contraption used for flinging things through the air
Level 5,commentator,kom-uhn-tay-tuh,"noun: a writer or broadcaster who comments on news, or describes sporting events."
Level 5,nemesis,nem-uh-suhs,noun: someone or something that brings a defeat or punishment
Level 5,physiotherapy,fiz-ee-oh-the-ruh-pee,noun: the treatment of disease and injuries by physical means such as massage and exercise
Level 5,quadriceps,kwod-ruh-seps,"noun: the large muscle at the front of the thigh, which stretches the leg"
Level 5,solitaire,sol-uh-tair,noun: a card game played by one person
Level 5,strenuous,stren-yooh-uhs,adjective: needing a great effort